{"v":"4.8.0","meta":{"g":"LottieFiles AE 3.6.0","a":"","k":"","d":"","tc":""},"fr":29.9700012207031,"ip":0,"op":182.000007413012,"w":400,"h":400,"nm":"Comp 1","ddd":0,"assets":[{"id":"image_0","w":1920,"h":1920,"u":"images/","p":"h.png","e":0},{"id":"image_1","w":1920,"h":1920,"u":"images/","p":"c.png","e":0},{"id":"image_2","w":1920,"h":1920,"u":"images/","p":"t.png","e":0},{"id":"image_3","w":1920,"h":1920,"u":"images/","p":"i.png","e":0},{"id":"image_4","w":1920,"h":1920,"u":"images/","p":"p.png","e":0},{"id":"image_5","w":1080,"h":1080,"u":"images/","p":"logo.png","e":0}],"layers":[{"ddd":0,"ind":1,"ty":2,"nm":"h 2","parent":3,"refId":"image_0","sr":1,"ks":{"o":{"a":1,"k":[{"i":{"x":[0.833],"y":[0.833]},"o":{"x":[0.167],"y":[0.167]},"t":64,"s":[0]},{"t":90.0000036657751,"s":[100]}],"ix":11},"r":{"a":0,"k":0,"ix":10},"p":{"a":0,"k":[530.493,756.761,0],"ix":2},"a":{"a":0,"k":[960,960,0],"ix":1},"s":{"a":0,"k":[49.174,49.174,100],"ix":6}},"ao":0,"ip":57.0000023216576,"op":381.000015518448,"st":55.0000022401959,"bm":0},{"ddd":0,"ind":3,"ty":3,"nm":"h","sr":1,"ks":{"o":{"a":1,"k":[{"i":{"x":[0.833],"y":[0.833]},"o":{"x":[0.167],"y":[0.167]},"t":64,"s":[0]},{"t":90.0000036657751,"s":[100]}],"ix":11},"r":{"a":0,"k":0,"ix":10},"p":{"a":1,"k":[{"i":{"x":0.241,"y":1},"o":{"x":0.519,"y":0},"t":57,"s":[200,219,0],"to":[0,0,0],"ti":[0,0,0]},{"t":89.0000036250443,"s":[200,200,0]}],"ix":2},"a":{"a":0,"k":[540,540,0],"ix":1},"s":{"a":0,"k":[26.296,26.296,100],"ix":6}},"ao":0,"hasMask":true,"masksProperties":[{"inv":false,"mode":"a","pt":{"a":0,"k":{"i":[[0,0],[0,0],[0,0],[0,0],[0,0],[0,0],[0,0],[0,0],[0,0],[0,0]],"o":[[0,0],[0,0],[0,0],[0,0],[0,0],[0,0],[0,0],[0,0],[0,0],[0,0]],"v":[[886.056,511.479],[792.887,526.69],[766.268,598.944],[768.169,732.042],[779.577,903.169],[840.423,941.197],[1049.578,929.789],[1062.887,790.986],[1053.38,692.113],[969.718,600.845]],"c":true},"ix":1},"o":{"a":0,"k":100,"ix":3},"x":{"a":0,"k":0,"ix":4},"nm":"Mask 1"}],"ip":57.0000023216576,"op":359.00001462237,"st":33.0000013441176,"bm":0},{"ddd":0,"ind":4,"ty":2,"nm":"c 2","parent":6,"refId":"image_1","sr":1,"ks":{"o":{"a":1,"k":[{"i":{"x":[0.833],"y":[0.833]},"o":{"x":[0.167],"y":[0.167]},"t":62,"s":[0]},{"t":88.0000035843135,"s":[100]}],"ix":11},"r":{"a":0,"k":0,"ix":10},"p":{"a":0,"k":[541.901,745.352,0],"ix":2},"a":{"a":0,"k":[960,960,0],"ix":1},"s":{"a":0,"k":[49.174,49.174,100],"ix":6}},"ao":0,"ip":55.0000022401959,"op":381.000015518448,"st":55.0000022401959,"bm":0},{"ddd":0,"ind":6,"ty":3,"nm":"c","sr":1,"ks":{"o":{"a":1,"k":[{"i":{"x":[0.833],"y":[0.833]},"o":{"x":[0.167],"y":[0.167]},"t":62,"s":[0]},{"t":88.0000035843135,"s":[100]}],"ix":11},"r":{"a":0,"k":0,"ix":10},"p":{"a":1,"k":[{"i":{"x":0.241,"y":1},"o":{"x":0.519,"y":0},"t":55,"s":[200,219,0],"to":[0,0,0],"ti":[0,0,0]},{"t":87.0000035435826,"s":[200,200,0]}],"ix":2},"a":{"a":0,"k":[540,540,0],"ix":1},"s":{"a":0,"k":[26.296,26.296,100],"ix":6}},"ao":0,"hasMask":true,"masksProperties":[{"inv":false,"mode":"a","pt":{"a":0,"k":{"i":[[0,0],[0,0],[0,0],[0,0],[0,0],[0,0],[0,0],[0,0]],"o":[[0,0],[0,0],[0,0],[0,0],[0,0],[0,0],[0,0],[0,0]],"v":[[682.606,669.296],[572.324,675],[538.099,783.38],[536.197,874.648],[676.901,948.803],[771.972,920.282],[773.873,804.296],[781.479,678.803]],"c":true},"ix":1},"o":{"a":0,"k":100,"ix":3},"x":{"a":0,"k":0,"ix":4},"nm":"Mask 1"}],"ip":55.0000022401959,"op":357.000014540908,"st":31.0000012626559,"bm":0},{"ddd":0,"ind":7,"ty":2,"nm":"t 2","parent":9,"refId":"image_2","sr":1,"ks":{"o":{"a":1,"k":[{"i":{"x":[0.833],"y":[0.833]},"o":{"x":[0.167],"y":[0.167]},"t":60,"s":[0]},{"t":86.0000035028518,"s":[100]}],"ix":11},"r":{"a":0,"k":0,"ix":10},"p":{"a":0,"k":[540,749.155,0],"ix":2},"a":{"a":0,"k":[960,960,0],"ix":1},"s":{"a":0,"k":[49.174,49.174,100],"ix":6}},"ao":0,"ip":53.0000021587343,"op":326.000013278252,"st":0,"bm":0},{"ddd":0,"ind":9,"ty":3,"nm":"t","sr":1,"ks":{"o":{"a":1,"k":[{"i":{"x":[0.833],"y":[0.833]},"o":{"x":[0.167],"y":[0.167]},"t":60,"s":[0]},{"t":86.0000035028518,"s":[100]}],"ix":11},"r":{"a":0,"k":0,"ix":10},"p":{"a":1,"k":[{"i":{"x":0.241,"y":1},"o":{"x":0.519,"y":0},"t":53,"s":[200,219,0],"to":[0,0,0],"ti":[0,0,0]},{"t":85.000003462121,"s":[200,200,0]}],"ix":2},"a":{"a":0,"k":[540,540,0],"ix":1},"s":{"a":0,"k":[26.296,26.296,100],"ix":6}},"ao":0,"hasMask":true,"masksProperties":[{"inv":false,"mode":"a","pt":{"a":0,"k":{"i":[[0,0],[0,0],[0,0],[0,0],[0,0],[0,0],[0,0],[0,0],[0,0]],"o":[[0,0],[0,0],[0,0],[0,0],[0,0],[0,0],[0,0],[0,0],[0,0]],"v":[[488.662,578.028],[418.31,578.028],[393.592,703.521],[414.507,810],[424.014,960.211],[534.296,960.211],[532.394,779.577],[549.507,703.521],[543.803,619.859]],"c":true},"ix":1},"o":{"a":0,"k":100,"ix":3},"x":{"a":0,"k":0,"ix":4},"nm":"Mask 1"}],"ip":53.0000021587343,"op":355.000014459446,"st":29.0000011811942,"bm":0},{"ddd":0,"ind":10,"ty":2,"nm":"i 2","parent":12,"refId":"image_3","sr":1,"ks":{"o":{"a":1,"k":[{"i":{"x":[0.833],"y":[0.833]},"o":{"x":[0.167],"y":[0.167]},"t":58,"s":[0]},{"t":84.0000034213901,"s":[100]}],"ix":11},"r":{"a":0,"k":0,"ix":10},"p":{"a":0,"k":[538.099,749.155,0],"ix":2},"a":{"a":0,"k":[960,960,0],"ix":1},"s":{"a":0,"k":[49.174,49.174,100],"ix":6}},"ao":0,"ip":51.0000020772726,"op":377.000015355525,"st":51.0000020772726,"bm":0},{"ddd":0,"ind":12,"ty":3,"nm":"i","sr":1,"ks":{"o":{"a":1,"k":[{"i":{"x":[0.833],"y":[0.833]},"o":{"x":[0.167],"y":[0.167]},"t":58,"s":[0]},{"t":84.0000034213901,"s":[100]}],"ix":11},"r":{"a":0,"k":0,"ix":10},"p":{"a":1,"k":[{"i":{"x":0.241,"y":1},"o":{"x":0.519,"y":0},"t":51,"s":[200,219,0],"to":[0,0,0],"ti":[0,0,0]},{"t":83.0000033806593,"s":[200,200,0]}],"ix":2},"a":{"a":0,"k":[540,540,0],"ix":1},"s":{"a":0,"k":[26.296,26.296,100],"ix":6}},"ao":0,"hasMask":true,"masksProperties":[{"inv":false,"mode":"a","pt":{"a":0,"k":{"i":[[0,0],[0,0],[0,0],[0,0],[0,0],[0,0],[0,0]],"o":[[0,0],[0,0],[0,0],[0,0],[0,0],[0,0],[0,0]],"v":[[289.014,501.972],[289.014,608.451],[296.62,749.155],[292.817,882.254],[399.296,1000.141],[403.099,821.408],[403.099,547.606]],"c":true},"ix":1},"o":{"a":0,"k":100,"ix":3},"x":{"a":0,"k":0,"ix":4},"nm":"Mask 1"}],"ip":51.0000020772726,"op":353.000014377985,"st":27.0000010997325,"bm":0},{"ddd":0,"ind":13,"ty":2,"nm":"p 2","parent":15,"refId":"image_4","sr":1,"ks":{"o":{"a":1,"k":[{"i":{"x":[0.833],"y":[0.833]},"o":{"x":[0.167],"y":[0.167]},"t":56,"s":[0]},{"t":82.0000033399285,"s":[100]}],"ix":11},"r":{"a":0,"k":0,"ix":10},"p":{"a":0,"k":[555.211,747.254,0],"ix":2},"a":{"a":0,"k":[960,960,0],"ix":1},"s":{"a":0,"k":[49.174,49.174,100],"ix":6}},"ao":0,"ip":49.0000019958109,"op":326.000013278252,"st":0,"bm":0},{"ddd":0,"ind":15,"ty":3,"nm":"p","sr":1,"ks":{"o":{"a":1,"k":[{"i":{"x":[0.833],"y":[0.833]},"o":{"x":[0.167],"y":[0.167]},"t":56,"s":[0]},{"t":82.0000033399285,"s":[100]}],"ix":11},"r":{"a":0,"k":0,"ix":10},"p":{"a":1,"k":[{"i":{"x":0.241,"y":1},"o":{"x":0.519,"y":0},"t":49,"s":[200,219,0],"to":[0,0,0],"ti":[0,0,0]},{"t":81.0000032991976,"s":[200,200,0]}],"ix":2},"a":{"a":0,"k":[540,540,0],"ix":1},"s":{"a":0,"k":[26.296,26.296,100],"ix":6}},"ao":0,"hasMask":true,"masksProperties":[{"inv":false,"mode":"a","pt":{"a":0,"k":{"i":[[0,0],[0,0],[0,0],[0,0],[0,0],[0,0],[0,0],[0,0]],"o":[[0,0],[0,0],[0,0],[0,0],[0,0],[0,0],[0,0],[0,0]],"v":[[38.028,505.775],[19.014,882.254],[117.887,988.732],[270,893.662],[281.408,764.366],[289.014,623.662],[270,517.183],[212.958,509.577]],"c":true},"ix":1},"o":{"a":0,"k":100,"ix":3},"x":{"a":0,"k":0,"ix":4},"nm":"Mask 1"}],"ip":49.0000019958109,"op":351.000014296523,"st":25.0000010182709,"bm":0},{"ddd":0,"ind":16,"ty":4,"nm":"Shape Layer 1","parent":17,"td":1,"sr":1,"ks":{"o":{"a":0,"k":100,"ix":11},"r":{"a":0,"k":0,"ix":10},"p":{"a":0,"k":[540,540,0],"ix":2},"a":{"a":0,"k":[0,0,0],"ix":1},"s":{"a":0,"k":[380.282,380.282,100],"ix":6}},"ao":0,"shapes":[{"ty":"gr","it":[{"ind":0,"ty":"sh","ix":1,"ks":{"a":0,"k":{"i":[[0,0],[0,0],[0,0],[0,0],[0,0],[0,0],[0,0],[0,0],[0,0],[0,0]],"o":[[0,0],[0,0],[0,0],[0,0],[0,0],[0,0],[0,0],[0,0],[0,0],[0,0]],"v":[[-126.5,3.5],[-70,4],[-53.5,-23.5],[-24.5,36],[2.5,-68],[28.5,64.5],[53,-39],[76.5,26.5],[91.5,4],[127,4]],"c":false},"ix":2},"nm":"Path 1","mn":"ADBE Vector Shape - Group","hd":false},{"ty":"tm","s":{"a":0,"k":0,"ix":1},"e":{"a":1,"k":[{"i":{"x":[0.229],"y":[1]},"o":{"x":[0.333],"y":[0]},"t":25,"s":[1]},{"t":68.473752788993,"s":[100]}],"ix":2},"o":{"a":0,"k":0,"ix":3},"m":1,"ix":2,"nm":"Trim Paths 1","mn":"ADBE Vector Filter - Trim","hd":false},{"ty":"st","c":{"a":0,"k":[1,1,1,1],"ix":3},"o":{"a":0,"k":100,"ix":4},"w":{"a":0,"k":18,"ix":5},"lc":2,"lj":2,"bm":0,"nm":"Stroke 1","mn":"ADBE Vector Graphic - Stroke","hd":false},{"ty":"tr","p":{"a":0,"k":[0,0],"ix":2},"a":{"a":0,"k":[0,0],"ix":1},"s":{"a":0,"k":[100,100],"ix":3},"r":{"a":0,"k":0,"ix":6},"o":{"a":0,"k":100,"ix":7},"sk":{"a":0,"k":0,"ix":4},"sa":{"a":0,"k":0,"ix":5},"nm":"Transform"}],"nm":"Shape 1","np":4,"cix":2,"bm":0,"ix":1,"mn":"ADBE Vector Group","hd":false}],"ip":25.0000010182709,"op":351.000014296523,"st":25.0000010182709,"bm":0},{"ddd":0,"ind":17,"ty":2,"nm":"logo.png","cl":"png","tt":1,"refId":"image_5","sr":1,"ks":{"o":{"a":0,"k":100,"ix":11},"r":{"a":0,"k":0,"ix":10},"p":{"a":1,"k":[{"i":{"x":0.239,"y":0.83},"o":{"x":0.333,"y":0},"t":25,"s":[171,200,0],"to":[0,0,0],"ti":[0,0,0]},{"i":{"x":0.425,"y":1},"o":{"x":0.582,"y":0.1},"t":46,"s":[200,200,0],"to":[0,0,0],"ti":[0,0,0]},{"t":73.000002973351,"s":[200,153,0]}],"ix":2},"a":{"a":0,"k":[540,540,0],"ix":1},"s":{"a":0,"k":[24.296,24.296,100],"ix":6}},"ao":0,"ip":25.0000010182709,"op":351.000014296523,"st":25.0000010182709,"bm":0},{"ddd":0,"ind":18,"ty":4,"nm":"Shape Layer 2","parent":17,"sr":1,"ks":{"o":{"a":1,"k":[{"i":{"x":[0.833],"y":[0.833]},"o":{"x":[0.167],"y":[0.167]},"t":0,"s":[0]},{"i":{"x":[0.833],"y":[0.833]},"o":{"x":[0.167],"y":[0.167]},"t":6,"s":[100]},{"i":{"x":[0.833],"y":[0.833]},"o":{"x":[0.167],"y":[0.167]},"t":25,"s":[100]},{"t":30.0000012219251,"s":[0]}],"ix":11},"r":{"a":0,"k":0,"ix":10},"p":{"a":0,"k":[540,540,0],"ix":2},"a":{"a":0,"k":[0,0,0],"ix":1},"s":{"a":0,"k":[380.282,380.282,100],"ix":6}},"ao":0,"shapes":[{"ty":"gr","it":[{"ind":0,"ty":"sh","ix":1,"ks":{"a":0,"k":{"i":[[0,0],[96.36,7.138],[7.712,-49.787],[-26.927,-0.829],[0,0],[0,0],[0,0],[0,0],[0,0],[0,0],[0,0],[0,0],[0,0]],"o":[[0,0],[-87.668,-6.494],[-7.711,49.787],[26.927,0.829],[0,0],[0,0],[0,0],[0,0],[0,0],[0,0],[0,0],[0,0],[0,0]],"v":[[31.387,-3.247],[-31.387,-169.924],[-164.377,-86.585],[-126.5,3.5],[-70,4],[-53.5,-23.5],[-24.5,36],[2.5,-68],[28.5,64.5],[53,-39],[76.5,26.5],[91.5,4],[127,4]],"c":false},"ix":2},"nm":"Path 1","mn":"ADBE Vector Shape - Group","hd":false},{"ty":"tm","s":{"a":0,"k":0,"ix":1},"e":{"a":1,"k":[{"i":{"x":[0.229],"y":[1]},"o":{"x":[0.333],"y":[0]},"t":25,"s":[1]},{"t":68.473752788993,"s":[100]}],"ix":2},"o":{"a":1,"k":[{"i":{"x":[0.667],"y":[1]},"o":{"x":[0.333],"y":[0]},"t":0,"s":[1]},{"t":28.0262511415326,"s":[156]}],"ix":3},"m":1,"ix":2,"nm":"Trim Paths 1","mn":"ADBE Vector Filter - Trim","hd":false},{"ty":"st","c":{"a":0,"k":[1,0.400000029919,0.549019607843,1],"ix":3},"o":{"a":0,"k":100,"ix":4},"w":{"a":1,"k":[{"i":{"x":[0.833],"y":[0.833]},"o":{"x":[0.167],"y":[0.167]},"t":0,"s":[50]},{"t":25.0000010182709,"s":[16]}],"ix":5},"lc":2,"lj":2,"bm":0,"nm":"Stroke 1","mn":"ADBE Vector Graphic - Stroke","hd":false},{"ty":"tr","p":{"a":0,"k":[0,0],"ix":2},"a":{"a":0,"k":[0,0],"ix":1},"s":{"a":0,"k":[100,100],"ix":3},"r":{"a":0,"k":0,"ix":6},"o":{"a":0,"k":100,"ix":7},"sk":{"a":0,"k":0,"ix":4},"sa":{"a":0,"k":0,"ix":5},"nm":"Transform"}],"nm":"Shape 1","np":4,"cix":2,"bm":0,"ix":1,"mn":"ADBE Vector Group","hd":false}],"ip":0,"op":31.0000012626559,"st":25.0000010182709,"bm":0}],"markers":[]}